{
    "original_model": {
        "rouge1": 0.2334158581572823,
        "rouge2": 0.07603964187010573,
        "rougeL": 0.20145520923859048,
        "rougeLsum": 0.20145899339006135
    },
    "instruct_model": {
        "rouge1": 0.42161291557556113,
        "rouge2": 0.18035380596301792,
        "rougeL": 0.3384439349963909,
        "rougeLsum": 0.33835653595561666
    },
    "peft_model": {
        "rouge1": 0.40810631575616746,
        "rouge2": 0.1633255794568712,
        "rougeL": 0.32507074586565354,
        "rougeLsum": 0.3248950182867091
    }
}